Project Name,Address,No. of Units,Area (sqm),Type of Area,Transacted Price ($),Unit Price ($ psm),Unit Price ($ psf),Contract Date,Property Type,Tenure,Completion Date,Type of Sale,Purchaser Address Indicator,Postal District,Postal Sector,Postal Code,Planning Region,Planning Area
N.A.,43A Joon Hiang Road ,1,181,Land,1530000,8439,784,05-APR-2011,Terrace House,Freehold,1999,Resale,Private,19,54,548365,North East Region,Serangoon
NEWTON EDGE,1 Makeway Avenue  #05-03 ,1,70,Strata,1268000,18114,1683,05-APR-2011,Apartment,Freehold,Uncompleted,Sub Sale,Private,09,22,228598,Central Region,Novena
CAIRNHILL CREST,2 Cairnhill Circle  #05-06 ,1,183,Strata,4250000,23224,2158,05-APR-2011,Condominium,Freehold,2004,Resale,Private,09,22,229811,Central Region,Newton
CAMELOT BY-THE-WATER,110 Tanjong Rhu Road  #02-08 ,1,510,Strata,7350000,14412,1339,05-APR-2011,Condominium,99 Yrs From 07/06/1996,2000,Resale,Private,15,43,436928,Central Region,Kallang
THE COSMOPOLITAN,202 Kim Seng Road  #23-05 ,1,106,Strata,2167900,20452,1900,05-APR-2011,Condominium,Freehold,2008,Resale,Private,09,23,239496,Central Region,Singapore River
NORTHVALE,65 Choa Chu Kang Loop  #12-02 ,1,251,Strata,1200000,4781,444,05-APR-2011,Apartment,99 Yrs From 01/03/1995,1998,Resale,HDB,23,68,689670,West Region,Choa Chu Kang
THE CASCADIA,945 Bukit Timah Road  #06-53 ,1,82,Strata,1385930,16902,1570,05-APR-2011,Condominium,Freehold,2010,New Sale,Private,21,58,589660,Central Region,Bukit Timah
PRESTIGE HEIGHTS,348 Balestier Road  #16-02 ,1,35,Strata,548844,15681,1457,05-APR-2011,Apartment,Freehold,Uncompleted,New Sale,HDB,12,32,329778,Central Region,Novena
PRIVE,37 Punggol Field  #16-30 ,1,105,Strata,816300,7774,722,05-APR-2011,Executive Condominium,99 Yrs From 14/09/2010,Uncompleted,New Sale,HDB,19,82,828809,North East Region,Punggol
THE PETALS,91 Hillview Avenue  #10-20 ,1,302,Strata,2380000,7881,732,05-APR-2011,Condominium,Freehold,2002,Resale,Private,23,66,669625,West Region,Bukit Batok
THE NEXUS,961 Bukit Timah Road  #06-20 ,1,99,Strata,1328000,13414,1246,05-APR-2011,Condominium,Freehold,2006,Resale,HDB,21,58,589655,Central Region,Bukit Timah
QUESTA @ DUNMAN,543 Dunman Road  #10-01 ,1,75,Strata,1024100,13655,1269,04-APR-2011,Apartment,Freehold,Uncompleted,New Sale,Private,15,43,439219,Central Region,Geylang
HILLVIEW REGENCY,26 Bukit Batok East Avenue 2  #25-10 ,1,103,Strata,912000,8854,823,04-APR-2011,Condominium,99 Yrs From 20/06/2000,2005,Resale,Private,23,65,659920,West Region,Bukit Batok
LE CRESCENDO,233 Paya Lebar Road  #12-06 ,1,128,Strata,1360000,10625,987,04-APR-2011,Condominium,Freehold,2006,Resale,Private,14,40,409044,Central Region,Geylang
CONCOURSE SKYLINE,298 Beach Road  #16-15 ,1,102,Strata,2011150,19717,1832,04-APR-2011,Apartment,99 Yrs From 13/03/2008,Uncompleted,New Sale,HDB,07,19,199554,Central Region,Kallang
ICON,10 Gopeng Street  #21-26 ,1,73,Strata,1340000,18356,1705,04-APR-2011,Apartment,99 Yrs From 29/01/2002,2007,Resale,Private,02,07,078878,Central Region,Downtown Core
SAVANNAH CONDOPARK,33 Simei Rise  #04-08 ,1,135,Strata,1150000,8519,791,04-APR-2011,Condominium,99 Yrs From 29/11/2000,2005,Resale,Private,18,52,528780,East Region,Tampines
QUESTA @ DUNMAN,543 Dunman Road  #06-04 ,1,40,Strata,612100,15303,1422,04-APR-2011,Apartment,Freehold,Uncompleted,New Sale,Private,15,43,439219,Central Region,Geylang
WATERFRONT KEY,778 Bedok Reservoir Road  #02-27 ,1,77,Strata,740000,9610,893,04-APR-2011,Condominium,99 Yrs From 31/10/2007,Uncompleted,Sub Sale,HDB,16,47,479254,East Region,Bedok
SKYPARK,22 St. Thomas Walk  #07-01/02 ,2,311,Strata,6032100,19396,1802,04-APR-2011,Apartment,Freehold,Unknown,Resale,Private,09,23,238107,Central Region,River Valley
THE INTERLACE,206 Depot Road  #14-51 ,1,142,Strata,1813000,12768,1186,04-APR-2011,Condominium,99 Yrs From 11/02/2009,Uncompleted,New Sale,Private,04,10,109697,Central Region,Bukit Merah
THE TENNERY,5A Woodlands Road  #16-24 ,1,57,Strata,755500,13254,1231,04-APR-2011,Apartment,99 Yrs From 24/05/2010,Uncompleted,New Sale,HDB,23,67,677728,West Region,Choa Chu Kang
SKYSUITES@ANSON,8 Enggor Street  #39-01 ,1,34,Strata,798300,23479,2181,04-APR-2011,Apartment,99 Yrs From 18/02/2008,Uncompleted,New Sale,Private,02,07,079718,Central Region,Downtown Core
THE COUNTRYSIDE,7 Countryside Grove ,1,169,Land,1825000,10812,1004,04-APR-2011,Terrace House,Freehold,1996,Resale,Private,26,78,789962,North East Region,Ang Mo Kio
SUNBIRD PARK,39 Sunbird Road ,1,228,Land,1920000,8417,782,04-APR-2011,Terrace House,Freehold,1992,Resale,HDB,16,48,487157,East Region,Tampines
PRIVE,33 Punggol Field  #01-10 ,1,149,Strata,822600,5521,513,04-APR-2011,Executive Condominium,99 Yrs From 14/09/2010,Uncompleted,New Sale,Private,19,82,828817,North East Region,Punggol
HILLCREST VILLA,9P Hillcrest Road ,1,287,Strata,3025000,10540,979,04-APR-2011,Terrace House,99 Yrs From 03/08/2006,2009,Resale,Private,11,28,286716,Central Region,Bukit Timah
MY MANHATTAN,31 Simei Street 3  #11-14 ,1,46,Strata,710000,15435,1434,04-APR-2011,Condominium,99 Yrs From 11/08/2010,Uncompleted,New Sale,HDB,18,52,529902,East Region,Tampines
MELOSA,28 Lorong 28 Geylang  #05-05 ,1,40,Strata,501400,12535,1165,04-APR-2011,Apartment,Freehold,Uncompleted,New Sale,HDB,14,39,398432,Central Region,Geylang
CENTURY MANSIONS,2M Jalan Remaja  #04-04 ,1,94,Strata,760000,8085,751,04-APR-2011,Apartment,Freehold,1998,Resale,HDB,23,66,668671,West Region,Bukit Batok
8@WOODLEIGH,2 Woodleigh Close  #04-03 ,1,89,Strata,965000,10843,1007,04-APR-2011,Condominium,99 Yrs From 22/09/2008,Uncompleted,Sub Sale,HDB,13,35,357900,Central Region,Toa Payoh
AZALEA PARK CONDOMINIUM,6 Flora Road  #05-09 ,1,77,Strata,680000,8831,820,04-APR-2011,Condominium,999 Yrs From 12/10/1885,1996,Resale,HDB,17,50,509727,East Region,Pasir Ris
WATERFRONT ISLE,738 Bedok Reservoir Road  #01-39 ,1,99,Strata,959060,9687,900,04-APR-2011,Condominium,99 Yrs From 26/11/2009,Uncompleted,New Sale,Private,16,47,479265,East Region,Bedok
WATERFRONT ISLE,732 Bedok Reservoir Road  #05-10 ,1,84,Strata,979715,11663,1084,04-APR-2011,Condominium,99 Yrs From 26/11/2009,Uncompleted,New Sale,Private,16,47,479262,East Region,Bedok
THE LAURELS,40 Cairnhill Road  #07-11 ,1,119,Strata,3930000,33025,3068,04-APR-2011,Condominium,Freehold,Uncompleted,New Sale,Private,09,22,229660,Central Region,Newton
CYAN,8 Keng Chin Road  #18-14 ,1,116,Strata,2664420,22969,2134,04-APR-2011,Condominium,Freehold,Uncompleted,New Sale,Private,10,25,258710,Central Region,Tanglin
ST MICHAEL REGENCY,38 St. Michael'S Road  #07-02 ,1,115,Strata,1182290,10281,955,04-APR-2011,Apartment,Freehold,2010,New Sale,Private,12,32,328008,Central Region,Kallang
AALTO,191 Meyer Road  #24-02 ,1,142,Strata,3163500,22278,2070,04-APR-2011,Condominium,Freehold,2010,New Sale,Private,15,43,437980,Central Region,Marine Parade
THE CANOPY,83 Yishun Avenue 11  #02-29 ,1,109,Strata,745000,6835,635,04-APR-2011,Executive Condominium,99 Yrs From 14/06/2010,Uncompleted,New Sale,HDB,27,76,768864,North Region,Yishun
QUESTA @ DUNMAN,543 Dunman Road  #07-06 ,1,73,Strata,1009000,13822,1284,04-APR-2011,Apartment,Freehold,Uncompleted,New Sale,Private,15,43,439219,Central Region,Geylang
AALTO,191 Meyer Road  #24-03 ,1,142,Strata,3163500,22278,2070,04-APR-2011,Condominium,Freehold,2010,New Sale,Private,15,43,437980,Central Region,Marine Parade
THE RIVERVALE,7 Rivervale Link  #08-39 ,1,127,Strata,888000,6992,650,04-APR-2011,Executive Condominium,99 Yrs From 18/12/1997,2000,Resale,Private,19,54,545125,North East Region,Sengkang
H2O RESIDENCES,34 Fernvale Link  #04-15 ,1,79,Strata,759320,9612,893,04-APR-2011,Condominium,99 Yrs From 10/05/2010,Uncompleted,New Sale,HDB,28,79,797532,North East Region,Sengkang
KEMAMAN POINT,5 Jalan Kemaman  #09-01 ,1,80,Strata,858000,10725,996,04-APR-2011,Apartment,Freehold,1993,Resale,Private,12,32,329325,Central Region,Novena
DEVONSHIRE RESIDENCES,55 Devonshire Road  #06-02 ,1,46,Strata,1212800,26365,2449,04-APR-2011,Apartment,Freehold,Uncompleted,New Sale,Private,09,23,239855,Central Region,River Valley
WATERFRONT ISLE,736 Bedok Reservoir Road  #12-23 ,1,84,Strata,897805,10688,993,04-APR-2011,Condominium,99 Yrs From 26/11/2009,Uncompleted,New Sale,HDB,16,47,479264,East Region,Bedok
HUME PARK II,23 Hume Avenue  #10-03 ,1,116,Strata,1050000,9052,841,04-APR-2011,Condominium,Freehold,1997,Resale,Private,21,59,598729,West Region,Bukit Batok
THE LAKEFRONT RESIDENCES,48 Lakeside Drive  #04-27 ,1,66,Strata,906000,13727,1275,04-APR-2011,Condominium,99 Yrs From 03/08/2010,Uncompleted,New Sale,Private,22,64,648305,West Region,Jurong West
WATERFRONT ISLE,736 Bedok Reservoir Road  #01-17 ,1,117,Strata,1132565,9680,899,04-APR-2011,Condominium,99 Yrs From 26/11/2009,Uncompleted,New Sale,HDB,16,47,479264,East Region,Bedok
BEACON HEIGHTS,8 Mar Thoma Road  #08-08 ,1,62,Strata,740000,11935,1109,04-APR-2011,Condominium,999 Yrs From 02/06/1882,Uncompleted,Sub Sale,HDB,12,32,328689,Central Region,Kallang
LA DOLCE VITA,345 Upper Paya Lebar Road  #04-04 ,1,137,Strata,1429297,10433,969,04-APR-2011,Apartment,Freehold,Uncompleted,New Sale,Private,19,53,534955,North East Region,Serangoon
THE SAIL @ MARINA BAY,2 Marina Boulevard  #61-01 ,1,110,Strata,3600000,32727,3040,04-APR-2011,Apartment,99 Yrs From 12/08/2002,2008,Resale,Private,01,01,018987,Central Region,Downtown Core
QUESTA @ DUNMAN,543 Dunman Road  #11-02 ,1,49,Strata,738900,15080,1401,04-APR-2011,Apartment,Freehold,Uncompleted,New Sale,HDB,15,43,439219,Central Region,Geylang
N.A.,131A Joo Chiat Terrace ,1,165,Land,1780000,10801,1003,04-APR-2011,Terrace House,Freehold,1978,Resale,HDB,15,42,427276,Central Region,Geylang
THE EDEN AT TAMPINES,27 Tampines Street 34  #01-22 ,1,138,Strata,940000,6812,633,04-APR-2011,Executive Condominium,99 Yrs From 12/09/2000,2003,Resale,Private,18,52,529235,East Region,Tampines
EIS RESIDENCES,4 Haig Avenue  #02-01 ,1,67,Strata,894100,13345,1240,04-APR-2011,Apartment,Freehold,Uncompleted,New Sale,HDB,15,43,438859,Central Region,Marine Parade
ILLUMINAIRE ON DEVONSHIRE,65 Devonshire Road  #18-04 ,1,43,Strata,1088000,25302,2351,04-APR-2011,Apartment,Freehold,Uncompleted,Sub Sale,Private,09,23,239900,Central Region,River Valley
AALTO,191 Meyer Road  #24-04 ,1,134,Strata,2893900,21596,2006,04-APR-2011,Condominium,Freehold,2010,New Sale,Private,15,43,437980,Central Region,Marine Parade
FLORIDIAN,965 Bukit Timah Road  #09-07 ,1,125,Strata,2456300,19650,1826,04-APR-2011,Condominium,Freehold,Uncompleted,New Sale,Private,21,58,589662,Central Region,Bukit Timah
SHERWOOD TOWER,3 Jalan Anak Bukit  #19-06 ,1,143,Strata,936000,6545,608,04-APR-2011,Apartment,99 Yrs From 30/08/1976,1980,Resale,HDB,21,58,588998,Central Region,Bukit Timah
THE RIVERINA,23 Riverina Crescent ,1,214,Land,1600000,7477,695,04-APR-2011,Terrace House,99 Yrs From 26/06/1996,2000,Resale,Private,18,51,518257,East Region,Pasir Ris
SUNFLOWER VIEW,30 Lorong 36 Geylang  #04-02 ,1,95,Strata,730000,7684,714,04-APR-2011,Apartment,Freehold,2000,Resale,HDB,14,39,398162,Central Region,Geylang
THE SCENIC @ BRADDELL,52 Braddell Road  #04-03 ,1,143,Strata,1280000,8951,832,04-APR-2011,Apartment,Freehold,2010,Sub Sale,HDB,13,35,359944,North East Region,Serangoon
OPERA ESTATE,79 Aida Street ,1,122,Land,2000888,16347,1519,04-APR-2011,Terrace House,Freehold,Unknown,Resale,HDB,15,45,459984,East Region,Bedok
VALLEY PARK,473 River Valley Road  #08-08 ,1,126,Strata,1800000,14286,1327,04-APR-2011,Condominium,999 Yrs From 21/06/1877,1997,Resale,Private,10,24,248358,Central Region,Tanglin
VACANZA @ EAST,38 Lengkong Tujoh  #01-07 ,1,85,Strata,893000,10506,976,04-APR-2011,Condominium,Freehold,Uncompleted,New Sale,Private,14,41,417392,East Region,Bedok
CHANGI RISE CONDOMINIUM,16 Simei Rise  #04-39 ,1,95,Strata,780000,8211,763,04-APR-2011,Condominium,99 Yrs From 29/11/2000,2004,Resale,HDB,18,52,528807,East Region,Tampines
NEPTUNE COURT,8 Marine Vista  #03-31 ,1,118,Strata,970000,8220,764,04-APR-2011,Apartment,99 Yrs From 01/09/1976,1975,Resale,HDB,15,44,449032,East Region,Bedok
GISBORNE LIGHT,27 Ewe Boon Road  #02-01 ,1,115,Strata,1390000,12087,1123,04-APR-2011,Apartment,Freehold,2003,Resale,Private,10,25,259330,Central Region,Tanglin
NIM GARDENS,75 Nim Road  #06-04 ,1,170,Strata,1370000,8059,749,04-APR-2011,Condominium,Freehold,1986,Resale,HDB,28,80,807585,North East Region,Serangoon
THE GARDENS AT BISHAN,3 Sin Ming Walk  #09-22 ,1,112,Strata,1000000,8929,829,04-APR-2011,Condominium,99 Yrs From 22/03/1997,2004,Resale,HDB,20,57,575575,Central Region,Bishan
CHANTILLY RISE,82 Hillview Avenue  #09-09 ,1,88,Strata,855000,9716,903,04-APR-2011,Condominium,Freehold,1998,Resale,Private,23,66,669581,West Region,Bukit Batok
THE CITRINE,18 Jalan Datoh  #03-01 ,1,89,Strata,960000,10787,1002,04-APR-2011,Apartment,Freehold,2008,Sub Sale,HDB,12,32,329415,Central Region,Novena
QUESTA @ DUNMAN,543 Dunman Road  #13-03 ,1,40,Strata,658200,16455,1529,04-APR-2011,Apartment,Freehold,Uncompleted,New Sale,HDB,15,43,439219,Central Region,Geylang
THE LAKEFRONT RESIDENCES,46 Lakeside Drive  #16-11 ,1,95,Strata,1225000,12895,1198,04-APR-2011,Condominium,99 Yrs From 03/08/2010,Uncompleted,New Sale,Private,22,64,648324,West Region,Jurong West
CLOVER BY THE PARK,6 Bishan Street 25  #33-15 ,1,116,Strata,1612000,13897,1291,04-APR-2011,Condominium,99 Yrs From 10/09/2007,Uncompleted,New Sale,Private,20,57,573975,Central Region,Bishan
LIVIA,65 Pasir Ris Grove  #02-11 ,1,143,Strata,1210000,8462,786,04-APR-2011,Condominium,99 Yrs From 07/01/2008,Uncompleted,Sub Sale,HDB,18,51,518217,East Region,Pasir Ris
KASTURINA LODGE,20 Kay Poh Road  #04-05 ,1,70,Strata,1040000,14857,1380,04-APR-2011,Apartment,Freehold,1999,Resale,HDB,10,24,248969,Central Region,Tanglin
QUEENS,16 Stirling Road  #28-15 ,1,111,Strata,1380000,12432,1155,04-APR-2011,Condominium,99 Yrs From 16/02/1998,2002,Resale,Private,03,14,148957,Central Region,Queenstown
SUITES DE LAUREL,2 Jalan Anak Bukit  #03-06 ,1,53,Strata,827060,15605,1450,04-APR-2011,Apartment,999 Yrs From 10/06/1885,Uncompleted,New Sale,HDB,21,58,588997,Central Region,Bukit Timah
PARKSHORE,201 Tanjong Rhu Road  #05-02 ,1,123,Strata,1540000,12520,1163,04-APR-2011,Condominium,Freehold,1995,Resale,Private,15,43,436917,Central Region,Kallang
MAYSPRINGS,6 Petir Road  #17-08 ,1,120,Strata,888000,7400,687,04-APR-2011,Apartment,99 Yrs From 01/12/1994,1998,Resale,Private,23,67,678267,West Region,Bukit Panjang
KERRISDALE,36 Sturdee Road  #26-15 ,1,92,Strata,980000,10652,990,04-APR-2011,Condominium,99 Yrs From 02/04/1998,2005,Resale,Private,08,20,207855,Central Region,Kallang
THE LATTIZ,3D Lorong Salleh  #05-02 ,1,214,Strata,1980580,9255,860,04-APR-2011,Apartment,Freehold,Uncompleted,New Sale,Private,14,41,416751,East Region,Bedok
GOLDEN HILL ESTATE,105 Mei Hwan Drive ,1,187,Land,2218000,11842,1100,04-APR-2011,Terrace House,Freehold,1980,Resale,Private,20,56,568409,North East Region,Serangoon
ELIAS GREEN,1 Elias Green  #08-04 ,1,150,Strata,898000,5987,556,04-APR-2011,Condominium,99 Yrs From 23/07/1991,1994,Resale,Private,18,51,519959,East Region,Pasir Ris
SOLEIL @ SINARAN,2 Sinaran Drive  #22-05 ,1,160,Strata,2720760,17005,1580,04-APR-2011,Condominium,99 Yrs From 23/10/2006,Uncompleted,Sub Sale,Private,11,30,307467,Central Region,Novena
COUNTRY GRANDEUR,22 Lorong Puntong  #02-02 ,1,134,Strata,1200000,8955,832,04-APR-2011,Condominium,Freehold,1996,Resale,HDB,20,57,576439,Central Region,Bishan
QUESTA @ DUNMAN,543 Dunman Road  #12-04 ,1,40,Strata,654700,16368,1521,04-APR-2011,Apartment,Freehold,Uncompleted,New Sale,HDB,15,43,439219,Central Region,Geylang
CABANA,213 Sunrise Terrace ,1,268,Strata,1870500,6979,648,04-APR-2011,Terrace House,103 Yrs From 23/04/2009,Uncompleted,New Sale,Private,28,80,805347,North East Region,Ang Mo Kio
ST MICHAEL REGENCY,38 St. Michael'S Road  #05-02 ,1,115,Strata,1157530,10065,935,04-APR-2011,Apartment,Freehold,2010,New Sale,HDB,12,32,328008,Central Region,Kallang
DUCHESS RESIDENCES,108 Duchess Avenue  #02-15 ,1,149,Strata,2900000,19463,1808,04-APR-2011,Condominium,999 Yrs From 27/12/1875,2011,Sub Sale,Private,10,26,266312,Central Region,Bukit Timah
GRANDEUR 8,14 Ang Mo Kio Central 3  #11-22 ,1,117,Strata,1130000,9658,897,04-APR-2011,Condominium,99 Yrs From 16/07/2002,2005,Resale,Private,20,56,567747,North East Region,Ang Mo Kio
MOONSTONE RESIDENCES,25 Moonstone Lane  #16-01 ,1,115,Strata,1150000,10000,929,04-APR-2011,Apartment,Freehold,2004,Resale,Private,12,32,328465,Central Region,Kallang
H2O RESIDENCES,32 Fernvale Link  #19-09 ,1,82,Strata,894400,10907,1013,04-APR-2011,Condominium,99 Yrs From 10/05/2010,Uncompleted,New Sale,HDB,28,79,797531,North East Region,Sengkang
RIDGEWOOD,61 Mount Sinai Drive  #17-04 ,1,162,Strata,1950000,12037,1118,04-APR-2011,Condominium,999 Yrs From 06/07/1885,1981,Resale,Private,10,27,277113,Central Region,Bukit Timah
QUESTA @ DUNMAN,543 Dunman Road  #08-02 ,1,49,Strata,716200,14616,1358,04-APR-2011,Apartment,Freehold,Uncompleted,New Sale,Private,15,43,439219,Central Region,Geylang
AUSTVILLE RESIDENCES,21 Sengkang East Avenue  #08-21 ,1,95,Strata,722000,7600,706,04-APR-2011,Executive Condominium,99 Yrs From 24/08/2010,Uncompleted,New Sale,Private,19,54,544809,North East Region,Sengkang
MELVILLE PARK,26 Simei Street 1  #04-05 ,1,125,Strata,835000,6680,621,04-APR-2011,Apartment,99 Yrs From 01/09/1992,1996,Resale,HDB,18,52,529947,East Region,Tampines
THE SUNNY SPRING,50 Lorong 40 Geylang  #06-22 ,1,95,Strata,863000,9084,844,04-APR-2011,Apartment,Freehold,1998,Resale,HDB,14,39,398074,Central Region,Geylang
THE FLORAVALE,218 Westwood Avenue  #02-03 ,1,131,Strata,860000,6565,610,04-APR-2011,Executive Condominium,99 Yrs From 16/12/1997,2000,Resale,Private,22,64,648351,West Region,Jurong West
N.A.,62 Belmont Road ,1,3031,Land,30000000,9897,919,04-APR-2011,Detached House,Freehold,Unknown,Resale,Private,10,26,269895,Central Region,Bukit Timah
MOUNTBATTEN LODGE,735 Mountbatten Road  #02-04 ,1,37,Strata,575000,15541,1444,04-APR-2011,Apartment,Freehold,1998,Resale,HDB,15,43,437745,Central Region,Marine Parade
SUMMERHILL,52 Hume Avenue  #10-04 ,1,303,Strata,2400000,7921,736,04-APR-2011,Condominium,Freehold,2002,Resale,Private,21,59,596230,West Region,Bukit Batok
TIERRA VUE,40 St. Patrick'S Road  #04-16 ,1,113,Strata,1520000,13451,1250,04-APR-2011,Condominium,Freehold,2009,Resale,Private,15,42,424163,East Region,Bedok
THE BELVEDERE,51 Meyer Road  #22-02 ,1,127,Strata,2296560,18083,1680,04-APR-2011,Condominium,Freehold,2007,Resale,Private,15,43,437874,Central Region,Marine Parade
REGAL 35,15 Lorong 35 Geylang  #04-02 ,1,104,Strata,840000,8077,750,04-APR-2011,Apartment,Freehold,2005,Resale,Private,14,38,387945,Central Region,Geylang
KOVAN RESIDENCES,5A Kovan Road  #05-24 ,1,134,Strata,1405950,10492,975,04-APR-2011,Condominium,99 Yrs From 31/12/2007,Uncompleted,Sub Sale,Private,19,54,544895,North East Region,Hougang
TOWNHOUSE APARTMENTS,139 Cavenagh Road  #12-10 ,1,306,Strata,3150000,10294,956,04-APR-2011,Apartment,99 Yrs From 15/11/1977,Unknown,Resale,Private,09,22,229627,Central Region,Newton
SUNSHINE GROVE,2 Jalan Labu Merah  #04-01 ,1,143,Strata,1200000,8392,780,04-APR-2011,Apartment,Freehold,2003,Resale,Private,19,53,537972,North East Region,Serangoon
THE TROPICA,51 Tampines Avenue 1  #15-06 ,1,111,Strata,900000,8108,753,04-APR-2011,Condominium,99 Yrs From 04/12/1996,2000,Resale,HDB,18,52,529771,East Region,Tampines
WATERFRONT WAVES,768 Bedok Reservoir Road  #01-27 ,1,93,Strata,870000,9355,869,04-APR-2011,Condominium,99 Yrs From 31/10/2007,Uncompleted,Sub Sale,Private,16,47,479249,East Region,Bedok
GOODLUCK GARDEN,36 Toh Tuck Road  #04-01 ,1,158,Strata,1450000,9177,853,04-APR-2011,Condominium,Freehold,1984,Resale,HDB,21,59,596714,Central Region,Bukit Timah
HILLVIEW REGENCY,26 Bukit Batok East Avenue 2  #11-03 ,1,103,Strata,790000,7670,713,04-APR-2011,Condominium,99 Yrs From 20/06/2000,2005,Resale,Private,23,65,659920,West Region,Bukit Batok
SHERWOOD TOWER,1 Jalan Anak Bukit  #10-07 ,1,154,Strata,994200,6456,600,04-APR-2011,Apartment,99 Yrs From 30/08/1976,1980,Resale,Private,21,58,588996,Central Region,Bukit Timah
THE INTERLACE,218 Depot Road  #22-74 ,1,316,Strata,4177800,13221,1228,04-APR-2011,Condominium,99 Yrs From 11/02/2009,Uncompleted,New Sale,Private,04,10,109703,Central Region,Bukit Merah
RIDGEWOOD,17E Mount Sinai Rise ,1,265,Strata,3500000,13208,1227,04-APR-2011,Terrace House,999 Yrs From 06/07/1885,1981,Resale,Private,10,27,276913,Central Region,Bukit Timah
THE GARDENS AT BISHAN,7 Sin Ming Walk  #02-11 ,1,83,Strata,795000,9578,890,04-APR-2011,Condominium,99 Yrs From 22/03/1997,2004,Resale,HDB,20,57,575577,Central Region,Bishan
YISHUN EMERALD,32 Canberra Drive  #05-26 ,1,95,Strata,640000,6737,626,04-APR-2011,Condominium,99 Yrs From 16/02/1998,2002,Resale,Private,27,76,768431,North Region,Yishun
CORAL PARK,63 Pemimpin Place ,1,305,Land,2825000,9259,860,04-APR-2011,Terrace House,Freehold,1980,Resale,Private,20,57,576060,Central Region,Bishan
LOFT @ STEVENS,68 Stevens Road  #04-02 ,1,39,Strata,818800,20995,1950,04-APR-2011,Apartment,Freehold,Uncompleted,New Sale,Private,10,25,257856,Central Region,Tanglin
CASTLE GREEN,485 Yio Chu Kang Road  #03-01 ,1,88,Strata,740000,8409,781,04-APR-2011,Condominium,99 Yrs From 01/12/1993,1997,Resale,HDB,26,78,787058,North East Region,Ang Mo Kio
THE CASCADIA,931 Bukit Timah Road  #01-23 ,1,90,Strata,1409590,15662,1455,04-APR-2011,Condominium,Freehold,2010,New Sale,Private,21,58,589643,Central Region,Bukit Timah
COSTA RHU,1 Rhu Cross  #14-13 ,1,191,Strata,2088896,10937,1016,04-APR-2011,Condominium,99 Yrs From 30/05/1994,1997,Resale,Private,15,43,437431,Central Region,Kallang
VIBES @ KOVAN,93 Kovan Road  #05-06 ,1,73,Strata,880320,12059,1120,04-APR-2011,Apartment,Freehold,Uncompleted,New Sale,HDB,19,54,548178,North East Region,Hougang
SEMBAWANG SPRINGS ESTATE,75 Jalan Kemuning ,1,254,Land,2315000,9121,847,04-APR-2011,Semi-Detached House,999 Yrs From 26/03/1885,1996,Resale,Private,27,76,769797,North Region,Sembawang
AALTO,193 Meyer Road  #24-05 ,1,188,Strata,4550000,24202,2248,04-APR-2011,Condominium,Freehold,2010,New Sale,Private,15,43,437981,Central Region,Marine Parade
BLUE HORIZON,25 West Coast Crescent  #20-13 ,1,108,Strata,1050000,9722,903,04-APR-2011,Condominium,99 Yrs From 14/08/2000,2005,Resale,Private,05,12,128047,West Region,Clementi
SEASONS PARK,491 Yio Chu Kang Road  #03-06 ,1,120,Strata,918000,7650,711,04-APR-2011,Condominium,99 Yrs From 01/03/1995,1997,Resale,Private,26,78,787078,North East Region,Ang Mo Kio
COSTA DEL SOL,72 Bayshore Road  #07-16 ,1,137,Strata,1725000,12591,1170,04-APR-2011,Condominium,99 Yrs From 05/05/1997,2004,Resale,Private,16,46,469988,East Region,Bedok
YEW MEI GREEN,52 Choa Chu Kang North 6  #08-23 ,1,120,Strata,819000,6825,634,04-APR-2011,Executive Condominium,99 Yrs From 01/12/1997,2000,Resale,HDB,23,68,689575,West Region,Choa Chu Kang
DEVONSHIRE RESIDENCES,55 Devonshire Road  #13-01 ,1,47,Strata,1268600,26991,2508,04-APR-2011,Apartment,Freehold,Uncompleted,New Sale,Private,09,23,239855,Central Region,River Valley
HOMEY GARDENS,4 Lorong M Telok Kurau  #03-05 ,1,96,Strata,930000,9688,900,04-APR-2011,Apartment,Freehold,2001,Resale,Private,15,42,425283,East Region,Bedok
SOUTHAVEN II,33 Hindhede Walk  #04-16 ,1,176,Strata,1620000,9205,855,04-APR-2011,Condominium,999 Yrs From 21/06/1877,1999,Resale,Private,21,58,587968,West Region,Bukit Panjang
THE AMERY,18 Lorong K Telok Kurau  #05-10 ,1,196,Strata,2139000,10913,1014,04-APR-2011,Condominium,Freehold,2010,New Sale,Private,15,42,425781,East Region,Bedok
VIZ AT HOLLAND,221 Queensway  #11-10 ,1,117,Strata,1830000,15641,1453,04-APR-2011,Condominium,Freehold,2008,Resale,Private,10,27,276750,Central Region,Queenstown
QUESTA @ DUNMAN,543 Dunman Road  #09-05 ,1,72,Strata,989700,13746,1277,04-APR-2011,Apartment,Freehold,Uncompleted,New Sale,Private,15,43,439219,Central Region,Geylang
THE ANSLEY,33 Mandalay Road  #23-01 ,1,121,Strata,1750000,14463,1344,04-APR-2011,Condominium,Freehold,2004,Resale,Private,11,30,308214,Central Region,Novena
COSTA RHU,3 Rhu Cross  #13-03 ,1,540,Strata,5000000,9259,860,04-APR-2011,Condominium,99 Yrs From 30/05/1994,1997,Resale,Private,15,43,437433,Central Region,Kallang
QUESTA @ DUNMAN,543 Dunman Road  #08-01 ,1,75,Strata,1009600,13461,1251,04-APR-2011,Apartment,Freehold,Uncompleted,New Sale,Private,15,43,439219,Central Region,Geylang
SILVERSEA,46 Marine Parade Road  #08-05 ,1,99,Strata,1585000,16010,1487,04-APR-2011,Condominium,99 Yrs From 20/07/2007,Uncompleted,New Sale,Private,15,44,449305,Central Region,Marine Parade
NUOVO,23 Ang Mo Kio Avenue 9  #07-12 ,1,129,Strata,1030300,7987,742,04-APR-2011,Executive Condominium,99 Yrs From 02/05/2001,2004,Resale,Private,20,56,569787,North East Region,Ang Mo Kio
THE AMERY,18 Lorong K Telok Kurau  #02-13 ,1,126,Strata,1510000,11984,1113,04-APR-2011,Condominium,Freehold,2010,Sub Sale,Private,15,42,425781,East Region,Bedok
THE BEACON EDGE,250 Tembeling Road  #03-01 ,1,90,Strata,1180000,13111,1218,04-APR-2011,Apartment,Freehold,2009,Resale,Private,15,42,423728,Central Region,Marine Parade
DEVONSHIRE RESIDENCES,55 Devonshire Road  #09-02 ,1,46,Strata,1233600,26817,2491,04-APR-2011,Apartment,Freehold,Uncompleted,New Sale,Private,09,23,239855,Central Region,River Valley
N.A.,2A Langsat Road ,1,162,Land,1520000,9365,870,04-APR-2011,Terrace House,Freehold,Unknown,Resale,Private,15,42,426688,Central Region,Geylang
THE SHORE RESIDENCES,85 Amber Road  #12-13 ,1,106,Strata,1628860,15367,1428,04-APR-2011,Condominium,103 Yrs From 18/08/2009,Uncompleted,New Sale,Private,15,43,439895,Central Region,Marine Parade
N.A.,40B Lorong L Telok Kurau ,1,99,Strata,900000,9091,845,04-APR-2011,Apartment,Freehold,1993,Resale,HDB,15,42,425452,East Region,Bedok
ORCHID PARK CONDOMINIUM,97 Yishun Street 81  #07-02 ,1,89,Strata,680000,7640,710,04-APR-2011,Condominium,99 Yrs From 01/09/1991,1994,Resale,Private,27,76,768453,North Region,Yishun
THE TENNERY,5A Woodlands Road  #15-26 ,1,57,Strata,735000,12895,1198,04-APR-2011,Apartment,99 Yrs From 24/05/2010,Uncompleted,New Sale,Private,23,67,677728,West Region,Choa Chu Kang
THE METROPOLITAN CONDOMINIUM,8 Alexandra View  #15-07 ,1,130,Strata,1660000,12769,1186,04-APR-2011,Condominium,99 Yrs From 17/02/2006,Unknown,Resale,Private,03,15,158747,Central Region,Bukit Merah
H2O RESIDENCES,32 Fernvale Link  #07-10 ,1,82,Strata,832150,10148,943,04-APR-2011,Condominium,99 Yrs From 10/05/2010,Uncompleted,New Sale,HDB,28,79,797531,North East Region,Sengkang
SOLEIL @ SINARAN,2 Sinaran Drive  #05-01 ,1,89,Strata,1320000,14831,1378,04-APR-2011,Condominium,99 Yrs From 23/10/2006,Uncompleted,Sub Sale,Private,11,30,307467,Central Region,Novena
H2O RESIDENCES,34 Fernvale Link  #09-14 ,1,69,Strata,708120,10263,953,04-APR-2011,Condominium,99 Yrs From 10/05/2010,Uncompleted,New Sale,HDB,28,79,797532,North East Region,Sengkang
THE BLOSSOMVALE,900 Dunearn Road  #04-25 ,1,116,Strata,1475000,12716,1181,04-APR-2011,Condominium,999 Yrs From 15/08/1884,1998,Resale,Private,21,58,589473,Central Region,Bukit Timah
REGENT HEIGHTS,52 Bukit Batok East Avenue 5  #05-06 ,1,108,Strata,802000,7426,690,04-APR-2011,Condominium,99 Yrs From 07/11/1995,1999,Resale,HDB,23,65,659802,West Region,Bukit Batok
THE TRESOR,26 Duchess Road  #05-01 ,1,238,Strata,3550000,14916,1386,04-APR-2011,Condominium,999 Yrs From 27/12/1875,2007,Resale,Private,10,26,269029,Central Region,Bukit Timah
THE ESPARIS,7 Pasir Ris Drive 4  #01-03 ,1,117,Strata,840000,7179,667,04-APR-2011,Executive Condominium,99 Yrs From 21/01/2002,2005,Resale,HDB,18,51,519459,East Region,Pasir Ris
VISTA RESIDENCES,26 Jalan Datoh  #28-02 ,1,131,Strata,2010800,15350,1426,04-APR-2011,Condominium,Freehold,Uncompleted,New Sale,Private,12,32,329425,Central Region,Novena
LENTOR VIEW,25 Lentor Place ,1,189,Land,1850000,9783,909,04-APR-2011,Terrace House,Freehold,1992,Resale,HDB,26,78,789012,North East Region,Ang Mo Kio
DAIRY FARM ESTATE,33 Dairy Farm Road  #02-03 ,1,119,Strata,1215000,10210,949,04-APR-2011,Condominium,Freehold,1989,Resale,Private,23,67,679051,West Region,Bukit Panjang
CARISSA PARK CONDOMINIUM,2 Flora Drive  #03-50 ,1,123,Strata,978000,7951,739,04-APR-2011,Condominium,Freehold,2001,Resale,Private,17,50,507025,East Region,Pasir Ris
PEBBLE BAY,130 Tanjong Rhu Road  #06-18 ,1,88,Strata,1136400,12914,1200,04-APR-2011,Condominium,99 Yrs From 09/03/1994,1997,Resale,HDB,15,43,436918,Central Region,Kallang
EVERITT EDGE,83 Joo Chiat Place  #02-08 ,1,40,Strata,497940,12449,1156,04-APR-2011,Apartment,Freehold,Uncompleted,New Sale,HDB,15,42,427800,Central Region,Geylang
SUITES @ EASTCOAST,175 Upper East Coast Road  #04-19 ,1,54,Strata,809000,14981,1392,03-APR-2011,Condominium,Freehold,Uncompleted,New Sale,Private,15,45,455277,East Region,Bedok
BAYSHORE PARK,66 Bayshore Road  #05-02 ,1,100,Strata,840000,8400,780,02-APR-2011,Condominium,99 Yrs From 17/03/1982,1986,Resale,Private,16,46,469985,East Region,Bedok
LIGHTHOUSE,161A Jalan Loyang Besar  #03-06 ,1,171,Strata,1088000,6363,591,01-APR-2011,Condominium,99 Yrs From 08/04/1993,2004,Resale,Private,17,50,509409,East Region,Pasir Ris
VALLEY PARK,473 River Valley Road  #17-03 ,1,113,Strata,1700000,15044,1398,01-APR-2011,Condominium,999 Yrs From 21/06/1877,1997,Resale,Private,10,24,248358,Central Region,Tanglin
NV RESIDENCES,85 Pasir Ris Grove  #12-11 ,1,114,Strata,1060740,9305,864,01-APR-2011,Condominium,99 Yrs From 07/01/2008,Uncompleted,New Sale,HDB,18,51,518212,East Region,Pasir Ris
THE QUARTZ,51 Compassvale Bow  #05-02 ,1,108,Strata,1085000,10046,933,01-APR-2011,Condominium,99 Yrs From 18/04/2005,2009,Resale,HDB,19,54,544984,North East Region,Sengkang
LOYANG VALLEY,222 Loyang Avenue  #03-04 ,1,174,Strata,990000,5690,529,01-APR-2011,Condominium,99 Yrs From 20/08/1982,1985,Resale,Private,17,50,509068,East Region,Pasir Ris
AZALEA PARK CONDOMINIUM,12 Flora Road  #07-02 ,1,156,Strata,1158000,7423,690,01-APR-2011,Condominium,999 Yrs From 12/10/1885,1996,Resale,Private,17,50,509730,East Region,Pasir Ris
RANGOON APARTMENTS,190 Rangoon Road  #02-01 ,1,63,Strata,630000,10000,929,01-APR-2011,Apartment,Freehold,1996,Resale,HDB,08,21,218447,Central Region,Kallang
THE WATERSIDE,11 Tanjong Rhu Road  #15-01 ,1,224,Strata,3530000,15759,1464,01-APR-2011,Condominium,Freehold,1992,Resale,Private,15,43,436896,Central Region,Kallang
LA FLEUR,8 Lorong 26 Geylang  #02-02 ,1,40,Strata,483200,12080,1122,01-APR-2011,Apartment,Freehold,Uncompleted,New Sale,HDB,14,39,398483,Central Region,Geylang
MELOSA,28 Lorong 28 Geylang  #06-03 ,1,48,Strata,606377,12633,1174,01-APR-2011,Apartment,Freehold,Uncompleted,New Sale,Private,14,39,398432,Central Region,Geylang
THE QUARTZ,57 Compassvale Bow  #04-13 ,1,113,Strata,990000,8761,814,01-APR-2011,Condominium,99 Yrs From 18/04/2005,2009,Resale,HDB,19,54,544987,North East Region,Sengkang
THE TANAMERA,5 Tanah Merah Kechil Road  #15-03 ,1,123,Strata,995000,8089,752,01-APR-2011,Condominium,99 Yrs From 01/06/1990,1994,Resale,Private,16,46,466665,East Region,Bedok
H2O RESIDENCES,30 Fernvale Link  #09-05 ,1,69,Strata,691260,10018,931,01-APR-2011,Condominium,99 Yrs From 10/05/2010,Uncompleted,New Sale,Private,28,79,797530,North East Region,Sengkang
EVERITT EDGE,83 Joo Chiat Place  #03-07 ,1,41,Strata,535083,13051,1212,01-APR-2011,Apartment,Freehold,Uncompleted,New Sale,HDB,15,42,427800,Central Region,Geylang
QUESTA @ DUNMAN,543 Dunman Road  #13-08 ,1,73,Strata,1068700,14640,1360,01-APR-2011,Apartment,Freehold,Uncompleted,New Sale,Private,15,43,439219,Central Region,Geylang
FERRARIA PARK CONDOMINIUM,18 Flora Drive  #02-31 ,1,85,Strata,773000,9094,845,01-APR-2011,Condominium,Freehold,2009,Resale,HDB,17,50,506946,East Region,Pasir Ris
CASA FORTUNA,36 Ah Hood Road  #05-03 ,1,47,Strata,695000,14787,1374,01-APR-2011,Apartment,Freehold,2011,Sub Sale,HDB,12,32,329980,Central Region,Novena
THE ORCHARD RESIDENCES,238 Orchard Boulevard  #26-08 ,1,202,Strata,7500000,37129,3449,01-APR-2011,Apartment,99 Yrs From 13/03/2006,2010,Sub Sale,Private,09,23,237973,Central Region,Orchard
KHEAM HOCK GARDENS,38 Kheam Hock Road  #04-03 ,1,126,Strata,1600000,12698,1180,01-APR-2011,Condominium,Freehold,1988,Resale,HDB,11,29,298808,Central Region,Novena
H2O RESIDENCES,36 Fernvale Link  #18-18 ,1,82,Strata,890100,10855,1008,01-APR-2011,Condominium,99 Yrs From 10/05/2010,Uncompleted,New Sale,HDB,28,79,797533,North East Region,Sengkang
THE CASCADIA,933 Bukit Timah Road  #07-28 ,1,82,Strata,1365000,16646,1546,01-APR-2011,Condominium,Freehold,2010,New Sale,Private,21,58,589644,Central Region,Bukit Timah
OASIS @ ELIAS,70 Elias Road  #15-20 ,1,111,Strata,961000,8658,804,01-APR-2011,Condominium,99 Yrs From 17/03/2008,Uncompleted,New Sale,HDB,18,51,519943,East Region,Pasir Ris
SPOTTISWOODE 18,18 Spottiswoode Park Road  #29-04 ,1,61,Strata,1504500,24664,2291,01-APR-2011,Apartment,Freehold,Uncompleted,New Sale,HDB,02,08,088642,Central Region,Bukit Merah
MIRO,1 Lincoln Road  #23-01 ,1,116,Strata,2472686,21316,1980,01-APR-2011,Apartment,Freehold,Uncompleted,New Sale,Private,11,30,308365,Central Region,Novena
MIRO,1 Lincoln Road  #19-05 ,1,180,Strata,3228378,17935,1666,01-APR-2011,Apartment,Freehold,Uncompleted,New Sale,Private,11,30,308365,Central Region,Novena
SUNNY GROVE,5A Lorong 37 Geylang  #08-03 ,1,114,Strata,863000,7570,703,01-APR-2011,Apartment,Freehold,1996,Resale,HDB,14,38,387914,Central Region,Geylang
DEVONSHIRE RESIDENCES,55 Devonshire Road  #22-02 ,1,46,Strata,1351900,29389,2730,01-APR-2011,Apartment,Freehold,Uncompleted,New Sale,Private,09,23,239855,Central Region,River Valley
H2O RESIDENCES,30 Fernvale Link  #05-04 ,1,82,Strata,819000,9988,928,01-APR-2011,Condominium,99 Yrs From 10/05/2010,Uncompleted,New Sale,HDB,28,79,797530,North East Region,Sengkang
CITY SQUARE RESIDENCES,10 Kitchener Link  #07-17 ,1,81,Strata,1300000,16049,1491,01-APR-2011,Condominium,Freehold,2008,Resale,Private,08,20,207225,Central Region,Kallang
EIS RESIDENCES,4 Haig Avenue  #05-01 ,1,104,Strata,1230900,11836,1100,01-APR-2011,Apartment,Freehold,Uncompleted,New Sale,Private,15,43,438859,Central Region,Marine Parade
EIS RESIDENCES,4 Haig Avenue  #04-02 ,1,39,Strata,594800,15251,1417,01-APR-2011,Apartment,Freehold,Uncompleted,New Sale,HDB,15,43,438859,Central Region,Marine Parade
THE INTERLACE,220 Depot Road  #05-76 ,1,174,Strata,2155700,12389,1151,01-APR-2011,Condominium,99 Yrs From 11/02/2009,Uncompleted,New Sale,Private,04,10,109704,Central Region,Bukit Merah
MELOSA,28 Lorong 28 Geylang  #07-02 ,1,47,Strata,592722,12611,1172,01-APR-2011,Apartment,Freehold,Uncompleted,New Sale,Private,14,39,398432,Central Region,Geylang
FABER CREST,50F Faber Heights  #03-42 ,1,116,Strata,903888,7792,724,01-APR-2011,Condominium,99 Yrs From 12/06/1996,2001,Resale,HDB,05,12,129200,West Region,Clementi
MACPHERSON GARDEN ESTATE,1 Jalan Kemajuan ,1,152,Land,1320000,8684,807,01-APR-2011,Terrace House,Freehold,Unknown,Resale,Private,13,36,368967,Central Region,Toa Payoh
LATITUDE,31 Jalan Mutiara  #16-01 ,1,179,Strata,4288000,23955,2226,01-APR-2011,Condominium,Freehold,2010,Sub Sale,Private,10,24,249206,Central Region,Tanglin
H2O RESIDENCES,38 Fernvale Link  #03-21 ,1,129,Strata,1196380,9274,862,01-APR-2011,Condominium,99 Yrs From 10/05/2010,Uncompleted,New Sale,Private,28,79,797534,North East Region,Sengkang
SUNRISE GARDENS,55 Sunrise Avenue  #03-07 ,1,115,Strata,795000,6913,642,01-APR-2011,Condominium,99 Yrs From 24/06/1995,1998,Resale,HDB,28,80,806747,North East Region,Ang Mo Kio
THE BAYSHORE,26 Bayshore Road  #06-01 ,1,110,Strata,950000,8636,802,01-APR-2011,Condominium,99 Yrs From 31/05/1993,1996,Resale,HDB,16,46,469972,East Region,Bedok
H2O RESIDENCES,32 Fernvale Link  #17-07 ,1,70,Strata,778300,11119,1033,01-APR-2011,Condominium,99 Yrs From 10/05/2010,Uncompleted,New Sale,HDB,28,79,797531,North East Region,Sengkang
SPRINGVALE,907 East Coast Road  #04-12 ,1,90,Strata,848000,9422,875,01-APR-2011,Apartment,Freehold,1995,Resale,HDB,15,45,459107,East Region,Bedok
H2O RESIDENCES,38 Fernvale Link  #16-25 ,1,129,Strata,1348100,10450,971,01-APR-2011,Condominium,99 Yrs From 10/05/2010,Uncompleted,New Sale,HDB,28,79,797534,North East Region,Sengkang
SERANGOON GARDEN ESTATE,47 Bridport Avenue ,1,200,Land,2608000,13014,1209,01-APR-2011,Terrace House,999 Yrs From 01/01/1954,Unknown,Resale,Private,19,55,559337,North East Region,Serangoon
MELVILLE PARK,26 Simei Street 1  #01-12 ,1,97,Strata,685000,7062,656,01-APR-2011,Apartment,99 Yrs From 01/09/1992,1996,Resale,Private,18,52,529947,East Region,Tampines
WATERVIEW,95 Tampines Avenue 1  #12-45 ,1,73,Strata,693000,9493,882,01-APR-2011,Condominium,99 Yrs From 16/06/2010,Uncompleted,New Sale,HDB,18,52,528692,East Region,Tampines
THE SUNNIFLORA,48 Lorong G Telok Kurau  #02-01 ,1,77,Strata,830000,10779,1001,01-APR-2011,Apartment,Freehold,2005,Resale,Private,15,42,426231,East Region,Bedok
D' FRESCO,58 Joo Chiat Lane  #03-05 ,1,72,Strata,778000,10806,1004,01-APR-2011,Apartment,Freehold,2010,Sub Sale,Private,15,42,428109,Central Region,Geylang
WATERFRONT ISLE,738 Bedok Reservoir Road  #12-29 ,1,85,Strata,900755,10597,984,01-APR-2011,Condominium,99 Yrs From 26/11/2009,Uncompleted,New Sale,HDB,16,47,479265,East Region,Bedok
H2O RESIDENCES,36 Fernvale Link  #09-19 ,1,82,Strata,829080,10111,939,01-APR-2011,Condominium,99 Yrs From 10/05/2010,Uncompleted,New Sale,HDB,28,79,797533,North East Region,Sengkang
QUESTA @ DUNMAN,543 Dunman Road  #18-08 ,1,153,Strata,1770000,11569,1075,01-APR-2011,Apartment,Freehold,Uncompleted,New Sale,Private,15,43,439219,Central Region,Geylang
H2O RESIDENCES,36 Fernvale Link  #15-19 ,1,82,Strata,850920,10377,964,01-APR-2011,Condominium,99 Yrs From 10/05/2010,Uncompleted,New Sale,HDB,28,79,797533,North East Region,Sengkang
CENTRO RESIDENCES,59 Ang Mo Kio Avenue 8  #23-06 ,1,86,Strata,1306000,15186,1411,01-APR-2011,Condominium,99 Yrs From 11/12/2007,Uncompleted,New Sale,HDB,20,56,567752,North East Region,Ang Mo Kio
MELOSA,28 Lorong 28 Geylang  #08-06 ,1,66,Strata,760580,11524,1071,01-APR-2011,Apartment,Freehold,Uncompleted,New Sale,HDB,14,39,398432,Central Region,Geylang
MELOSA,28 Lorong 28 Geylang  #07-06 ,1,40,Strata,510097,12752,1185,01-APR-2011,Apartment,Freehold,Uncompleted,New Sale,HDB,14,39,398432,Central Region,Geylang
WATERFRONT GOLD,758 Bedok Reservoir Road  #07-24 ,1,114,Strata,1116900,9797,910,01-APR-2011,Condominium,99 Yrs From 26/11/2009,Uncompleted,New Sale,HDB,16,47,479260,East Region,Bedok
H2O RESIDENCES,34 Fernvale Link  #09-13 ,1,49,Strata,573180,11698,1087,01-APR-2011,Condominium,99 Yrs From 10/05/2010,Uncompleted,New Sale,HDB,28,79,797532,North East Region,Sengkang
PRIVE,33 Punggol Field  #09-14 ,1,102,Strata,746100,7315,680,01-APR-2011,Executive Condominium,99 Yrs From 14/09/2010,Uncompleted,New Sale,Private,19,82,828817,North East Region,Punggol
BRADDELL HEIGHTS ESTATE,2 Lynwood Grove ,1,272,Land,2670000,9805,911,01-APR-2011,Semi-Detached House,Freehold,1996,Resale,HDB,13,35,358671,North East Region,Serangoon
THE BAYSHORE,24 Bayshore Road  #05-04 ,1,90,Strata,815000,9056,841,01-APR-2011,Condominium,99 Yrs From 31/05/1993,1996,Resale,Private,16,46,469971,East Region,Bedok
SPOTTISWOODE 18,18 Spottiswoode Park Road  #32-03 ,1,36,Strata,929700,25825,2399,01-APR-2011,Apartment,Freehold,Uncompleted,New Sale,HDB,02,08,088642,Central Region,Bukit Merah
MELOSA,28 Lorong 28 Geylang  #08-03 ,1,51,Strata,632077,12394,1151,01-APR-2011,Apartment,Freehold,Uncompleted,New Sale,Private,14,39,398432,Central Region,Geylang
WATERFRONT GOLD,756 Bedok Reservoir Road  #07-21 ,1,113,Strata,1090800,9653,897,01-APR-2011,Condominium,99 Yrs From 26/11/2009,Uncompleted,New Sale,Private,16,47,479259,East Region,Bedok
THE MAYLEA,242F Pasir Panjang Road  #02-04 ,1,113,Strata,1400000,12389,1151,01-APR-2011,Condominium,Freehold,2008,Resale,HDB,05,11,117493,Central Region,Queenstown
TANJONG RIA CONDOMINIUM,121 Tanjong Rhu Road  #12-15 ,1,128,Strata,1300000,10156,944,01-APR-2011,Condominium,99 Yrs From 31/05/1993,1997,Resale,Private,15,43,436914,Central Region,Kallang
SUMMERDALE,10 Boon Lay Drive  #02-25 ,1,113,Strata,745000,6593,612,01-APR-2011,Executive Condominium,99 Yrs From 22/09/1997,2000,Resale,HDB,22,64,649929,West Region,Jurong West
GOLDENHILL PARK CONDOMINIUM,66 Mei Hwan Drive  #07-12 ,1,87,Strata,1200000,13793,1281,01-APR-2011,Condominium,Freehold,2004,Resale,Private,20,56,568429,North East Region,Serangoon
PAVILION PARK,133 Pavilion Circle ,1,177,Land,2115080,11977,1113,01-APR-2011,Terrace House,Freehold,Uncompleted,New Sale,Private,23,65,658554,West Region,Bukit Batok
H2O RESIDENCES,38 Fernvale Link  #06-25 ,1,129,Strata,1274150,9877,918,01-APR-2011,Condominium,99 Yrs From 10/05/2010,Uncompleted,New Sale,Private,28,79,797534,North East Region,Sengkang
SKYSUITES@ANSON,8 Enggor Street  #23-05 ,1,37,Strata,803700,21722,2018,01-APR-2011,Apartment,99 Yrs From 18/02/2008,Uncompleted,New Sale,Private,02,07,079718,Central Region,Downtown Core
AUSTVILLE RESIDENCES,19 Sengkang East Avenue  #12-18 ,1,96,Strata,768000,8000,743,01-APR-2011,Executive Condominium,99 Yrs From 24/08/2010,Uncompleted,New Sale,HDB,19,54,544808,North East Region,Sengkang
LUSH ON HOLLAND HILL,21 Holland Hill  #05-01 ,1,172,Strata,2850000,16570,1539,01-APR-2011,Condominium,Freehold,Uncompleted,New Sale,Private,10,27,278737,Central Region,Bukit Timah
WATERFRONT KEY,770 Bedok Reservoir Road  #08-02 ,1,141,Strata,1583740,11232,1043,01-APR-2011,Condominium,99 Yrs From 31/10/2007,Uncompleted,New Sale,Private,16,47,479250,East Region,Bedok
SOUTHBANK,881 North Bridge Road  #26-08 ,1,89,Strata,1385000,15562,1446,01-APR-2011,Apartment,99 Yrs From 27/01/2006,2010,Sub Sale,Private,07,19,198784,Central Region,Kallang
COSTA RHU,3 Rhu Cross  #02-04 ,1,153,Strata,1580000,10327,959,01-APR-2011,Condominium,99 Yrs From 30/05/1994,1997,Resale,HDB,15,43,437433,Central Region,Kallang
QUESTA @ DUNMAN,543 Dunman Road  #06-02 ,1,49,Strata,702500,14337,1332,01-APR-2011,Apartment,Freehold,Uncompleted,New Sale,HDB,15,43,439219,Central Region,Geylang
THE CASCADIA,931 Bukit Timah Road  #01-24 ,1,120,Strata,1755660,14631,1359,01-APR-2011,Condominium,Freehold,2010,New Sale,Private,21,58,589643,Central Region,Bukit Timah
LE MERRITT,64 Lorong M Telok Kurau  #02-04 ,1,92,Strata,965000,10489,974,01-APR-2011,Apartment,Freehold,2007,Resale,HDB,15,42,425365,East Region,Bedok
THE VESTA,112 Lorong K Telok Kurau  #04-04 ,1,84,Strata,868000,10333,960,01-APR-2011,Apartment,Freehold,2008,Sub Sale,Private,15,42,425746,East Region,Bedok
PATERSON SUITES,55 Paterson Road  #03-03 ,1,162,Strata,4773000,29463,2737,01-APR-2011,Condominium,Freehold,2010,New Sale,Private,09,23,238550,Central Region,River Valley
LOFT @ NATHAN,31 Nathan Road  #07-11 ,1,101,Strata,1780000,17624,1637,01-APR-2011,Apartment,Freehold,Uncompleted,New Sale,Private,10,24,248749,Central Region,Tanglin
THE AMARELLE,49 Lim Ah Woo Road  #02-03 ,1,107,Strata,1290240,12058,1120,01-APR-2011,Apartment,Freehold,2009,Resale,Private,15,43,438128,Central Region,Geylang
THE INTERLACE,184 Depot Road  #09-09 ,1,117,Strata,1586000,13556,1259,01-APR-2011,Condominium,99 Yrs From 11/02/2009,Uncompleted,New Sale,Private,04,10,109686,Central Region,Bukit Merah
PATERSON SUITES,55 Paterson Road  #17-02 ,1,206,Strata,6850000,33252,3089,01-APR-2011,Condominium,Freehold,2010,New Sale,Private,09,23,238550,Central Region,River Valley
AMARANDA GARDENS,118 Serangoon Avenue 3  #05-09 ,1,92,Strata,1120000,12174,1131,01-APR-2011,Condominium,Freehold,2004,Resale,HDB,19,55,554773,North East Region,Serangoon
IVORY HEIGHTS,117 Jurong East Street 13  #09-133 ,1,155,Strata,1108000,7148,664,01-APR-2011,Condominium,100 Yrs From 01/02/1986,Unknown,Resale,Private,22,60,600117,West Region,Jurong East
THE ESTA,35 Amber Gardens  #03-10 ,1,145,Strata,2068325,14264,1325,01-APR-2011,Condominium,Freehold,2008,Resale,Private,15,43,439966,Central Region,Marine Parade
NV RESIDENCES,95 Pasir Ris Grove  #02-42 ,1,110,Strata,942030,8564,796,01-APR-2011,Condominium,99 Yrs From 07/01/2008,Uncompleted,New Sale,HDB,18,51,518192,East Region,Pasir Ris
WATERFORD RESIDENCE,23 Kim Yam Road  #07-11 ,1,97,Strata,1513800,15606,1450,01-APR-2011,Apartment,999 Yrs From 01/07/1841,2010,Sub Sale,HDB,09,23,239333,Central Region,River Valley
HILLBROOKS,92 Hillview Avenue  #09-11 ,1,100,Strata,900000,9000,836,01-APR-2011,Condominium,Freehold,1999,Resale,HDB,23,66,669592,West Region,Bukit Batok
ONE AMBER,1 Amber Gardens  #15-03 ,1,89,Strata,1338000,15034,1397,01-APR-2011,Condominium,Freehold,2010,Sub Sale,Private,15,43,439957,Central Region,Marine Parade
WATERFRONT KEY,780 Bedok Reservoir Road  #04-30 ,1,78,Strata,790000,10128,941,01-APR-2011,Condominium,99 Yrs From 31/10/2007,Uncompleted,Sub Sale,HDB,16,47,479255,East Region,Bedok
SYMPHONY HEIGHTS,41 Hume Avenue  #05-02 ,1,86,Strata,888000,10326,959,01-APR-2011,Condominium,Freehold,1998,Resale,Private,21,59,598738,West Region,Bukit Batok
QUESTA @ DUNMAN,543 Dunman Road  #10-03 ,1,40,Strata,634900,15873,1475,01-APR-2011,Apartment,Freehold,Uncompleted,New Sale,HDB,15,43,439219,Central Region,Geylang
CANBERRA RESIDENCES,523 Canberra Drive  #03-58 ,1,100,Strata,894000,8940,831,01-APR-2011,Condominium,99 Yrs From 08/09/2010,Uncompleted,New Sale,HDB,27,76,768135,North Region,Sembawang
H2O RESIDENCES,30 Fernvale Link  #04-05 ,1,69,Strata,676500,9804,911,01-APR-2011,Condominium,99 Yrs From 10/05/2010,Uncompleted,New Sale,Private,28,79,797530,North East Region,Sengkang
STADIA,27 Yio Chu Kang Road  #03-14 ,1,53,Strata,680000,12830,1192,01-APR-2011,Apartment,Freehold,2010,Resale,Private,19,54,545542,North East Region,Serangoon
H2O RESIDENCES,30 Fernvale Link  #19-05 ,1,69,Strata,721600,10458,972,01-APR-2011,Condominium,99 Yrs From 10/05/2010,Uncompleted,New Sale,HDB,28,79,797530,North East Region,Sengkang
H2O RESIDENCES,34 Fernvale Link  #03-15 ,1,79,Strata,755220,9560,888,01-APR-2011,Condominium,99 Yrs From 10/05/2010,Uncompleted,New Sale,HDB,28,79,797532,North East Region,Sengkang
LAKEHOLMZ,88 Corporation Road  #03-18 ,1,141,Strata,1250000,8865,824,01-APR-2011,Condominium,99 Yrs From 29/10/2001,2005,Resale,HDB,22,64,649823,West Region,Jurong West
EMERALD PARK,2 Indus Road  #06-06 ,1,109,Strata,1170000,10734,997,01-APR-2011,Condominium,99 Yrs From 01/09/1991,1993,Resale,Private,03,16,169586,Central Region,Bukit Merah
BISHAN 8,61 Bishan Street 21  #09-04 ,1,108,Strata,1200000,11111,1032,01-APR-2011,Condominium,99 Yrs From 09/10/1996,1999,Resale,Private,20,57,574044,Central Region,Bishan
SERANGOON GARDEN ESTATE,17 Blandford Drive ,1,260,Land,3750000,14412,1339,01-APR-2011,Terrace House,999 Yrs From 01/01/1955,Unknown,Resale,HDB,19,55,559810,North East Region,Serangoon
H2O RESIDENCES,30 Fernvale Link  #15-05 ,1,69,Strata,709300,10280,955,01-APR-2011,Condominium,99 Yrs From 10/05/2010,Uncompleted,New Sale,HDB,28,79,797530,North East Region,Sengkang
VILLA VERDE,32 Verde Avenue ,1,150,Land,1220000,8133,756,01-APR-2011,Terrace House,99 Yrs From 22/03/1997,2000,Resale,Private,23,68,688300,West Region,Choa Chu Kang
D'GALLERY,15 Jalan Masjid  #04-02 ,1,90,Strata,980000,10889,1012,01-APR-2011,Apartment,Freehold,2006,Resale,Private,14,41,418936,East Region,Bedok
N.A.,76 Eng Kong Place ,1,225,Land,2250000,10022,931,01-APR-2011,Terrace House,99 Yrs From 01/04/1992,1995,Resale,Private,21,59,599149,Central Region,Bukit Timah
AMARYLLIS VILLE,22 Newton Road  #26-11 ,1,115,Strata,1750000,15217,1414,01-APR-2011,Condominium,99 Yrs From 24/10/1997,2004,Resale,HDB,11,30,307990,Central Region,Novena
H2O RESIDENCES,38 Fernvale Link  #17-21 ,1,129,Strata,1295600,10043,933,01-APR-2011,Condominium,99 Yrs From 10/05/2010,Uncompleted,New Sale,Private,28,79,797534,North East Region,Sengkang
VACANZA @ EAST,42 Lengkong Tujoh  #01-20 ,1,127,Strata,1405000,11063,1028,01-APR-2011,Condominium,Freehold,Uncompleted,New Sale,HDB,14,41,417394,East Region,Bedok
TRILIGHT,9 Newton Road  #18-06 ,1,195,Strata,3800000,19487,1810,01-APR-2011,Condominium,Freehold,Uncompleted,New Sale,Private,11,30,307997,Central Region,Novena
RIO VISTA,32 Upper Serangoon View  #01-42 ,1,150,Strata,1100000,7333,681,01-APR-2011,Condominium,99 Yrs From 02/01/2001,2004,Resale,HDB,19,53,534209,North East Region,Hougang
DOUBLE BAY RESIDENCES,19 Simei Street 4  #11-19 ,1,87,Strata,870000,10000,929,01-APR-2011,Condominium,99 Yrs From 07/04/2008,Uncompleted,Sub Sale,HDB,18,52,529885,East Region,Tampines
LEEDON 2,2 Leedon Road  #05-02 ,1,103,Strata,1520000,14757,1371,01-APR-2011,Condominium,Freehold,1996,Resale,Private,10,26,267829,Central Region,Bukit Timah
ARTHUR 118,118 Arthur Road  #12-02 ,1,92,Strata,1320000,14348,1333,01-APR-2011,Apartment,Freehold,2006,Resale,HDB,15,43,439827,Central Region,Marine Parade
N.A.,86 Cambridge Road ,1,261,Land,2700000,10329,960,01-APR-2011,Terrace House,Freehold,1989,Resale,Private,08,21,219750,Central Region,Kallang
THE MERASAGA,27 Jalan Merah Saga  #07-02 ,1,88,Strata,1500000,17045,1584,01-APR-2011,Condominium,99 Yrs From 18/11/1991,1995,Resale,HDB,10,27,278106,Central Region,Bukit Timah
H2O RESIDENCES,30 Fernvale Link  #08-05 ,1,69,Strata,688800,9983,927,01-APR-2011,Condominium,99 Yrs From 10/05/2010,Uncompleted,New Sale,HDB,28,79,797530,North East Region,Sengkang
N.A.,163C Upper East Coast Road ,1,212,Land,2220000,10477,973,01-APR-2011,Terrace House,Freehold,1985,Resale,Private,15,45,455263,East Region,Bedok
EASTERN LAGOON,214 Upper East Coast Road  #05-06 ,1,93,Strata,1038000,11161,1037,01-APR-2011,Condominium,Freehold,1985,Resale,Private,16,46,466402,East Region,Bedok
THE GRANDIFLORA,121 Lorong L Telok Kurau  #02-02 ,1,95,Strata,887000,9337,867,01-APR-2011,Apartment,Freehold,2004,Resale,HDB,15,42,425554,East Region,Bedok
THE INTERLACE,198 Depot Road  #08-36 ,1,117,Strata,1430000,12222,1135,01-APR-2011,Condominium,99 Yrs From 11/02/2009,Uncompleted,Sub Sale,HDB,04,10,109693,Central Region,Bukit Merah
ROSALIA PARK,42 Lorong Ong Lye  #02-02 ,1,104,Strata,772110,7424,690,01-APR-2011,Condominium,Freehold,1995,Resale,HDB,19,53,536412,North East Region,Serangoon
SELANTING GREEN,1 Jalan Selanting  #08-04 ,1,129,Strata,1089000,8442,784,01-APR-2011,Apartment,Freehold,1998,Resale,Private,21,59,598368,Central Region,Bukit Timah
H2O RESIDENCES,34 Fernvale Link  #12-15 ,1,79,Strata,785560,9944,924,01-APR-2011,Condominium,99 Yrs From 10/05/2010,Uncompleted,New Sale,Private,28,79,797532,North East Region,Sengkang
CASAFINA,211 Bedok South Avenue 1  #03-03 ,1,146,Strata,1240000,8493,789,01-APR-2011,Condominium,99 Yrs From 12/06/1996,1999,Resale,Private,16,46,469336,East Region,Bedok
REFLECTIONS AT KEPPEL BAY,11 Keppel Bay View  #01-41 ,1,107,Strata,2088400,19518,1813,01-APR-2011,Condominium,99 Yrs From 15/03/2006,Uncompleted,New Sale,Private,04,09,098408,Central Region,Bukit Merah
SEASONS PARK,493 Yio Chu Kang Road  #02-06 ,1,116,Strata,950000,8190,761,01-APR-2011,Condominium,99 Yrs From 01/03/1995,1997,Resale,Private,26,78,787079,North East Region,Ang Mo Kio
THE FLORAVALE,238 Westwood Avenue  #14-42 ,1,214,Strata,1118000,5224,485,01-APR-2011,Executive Condominium,99 Yrs From 16/12/1997,2000,Resale,HDB,22,64,648363,West Region,Jurong West
QUESTA @ DUNMAN,543 Dunman Road  #15-05 ,1,72,Strata,1050200,14586,1355,01-APR-2011,Apartment,Freehold,Uncompleted,New Sale,HDB,15,43,439219,Central Region,Geylang
SUNVILLE,22 St. Michael'S Road  #01-12 ,1,117,Strata,1038000,8872,824,01-APR-2011,Apartment,Freehold,2005,Resale,HDB,12,32,327981,Central Region,Kallang
THE BAYSHORE,34 Bayshore Road  #07-05 ,1,117,Strata,850000,7265,675,01-APR-2011,Condominium,99 Yrs From 31/05/1993,1997,Resale,Private,16,46,469976,East Region,Bedok
THE QUARTZ,63 Compassvale Bow  #12-25 ,1,99,Strata,925000,9343,868,01-APR-2011,Condominium,99 Yrs From 18/04/2005,2009,Resale,Private,19,54,544990,North East Region,Sengkang
LIRIA TERRACE,10 Mariam Walk ,1,150,Land,1650000,11000,1022,01-APR-2011,Terrace House,Freehold,1997,Resale,Private,17,50,507173,East Region,Pasir Ris
SKYSUITES@ANSON,8 Enggor Street  #27-04 ,1,37,Strata,816300,22062,2050,01-APR-2011,Apartment,99 Yrs From 18/02/2008,Uncompleted,New Sale,HDB,02,07,079718,Central Region,Downtown Core
QUESTA @ DUNMAN,543 Dunman Road  #09-01 ,1,75,Strata,1016100,13548,1259,01-APR-2011,Apartment,Freehold,Uncompleted,New Sale,HDB,15,43,439219,Central Region,Geylang
SUNGLADE,11 Serangoon Avenue 2  #05-32 ,1,95,Strata,962000,10126,941,01-APR-2011,Condominium,99 Yrs From 09/10/2000,2003,Resale,HDB,19,55,556135,North East Region,Serangoon
N.A.,3 Jalan Gotong Royong ,1,118,Land,1438000,12186,1132,01-APR-2011,Terrace House,Freehold,1963,Resale,Private,19,53,538286,North East Region,Hougang
SUNNY PALMS,65 Lorong G Telok Kurau  #01-15 ,1,122,Strata,1158888,9499,882,01-APR-2011,Condominium,Freehold,2004,Resale,Private,15,42,426323,East Region,Bedok
QUESTA @ DUNMAN,543 Dunman Road  #08-10 ,1,70,Strata,951100,13587,1262,01-APR-2011,Apartment,Freehold,Uncompleted,New Sale,HDB,15,43,439219,Central Region,Geylang
PATERSON SUITES,55 Paterson Road  #03-01 ,1,156,Strata,4413000,28288,2628,01-APR-2011,Condominium,Freehold,2010,New Sale,Private,09,23,238550,Central Region,River Valley
MOUNT SINAI,32 Mount Sinai Drive ,1,168,Land,2800000,16647,1547,01-APR-2011,Terrace House,999 Yrs From 22/09/1885,Unknown,Resale,Private,10,27,277092,Central Region,Bukit Timah
QUESTA @ DUNMAN,543 Dunman Road  #13-09 ,1,73,Strata,1051700,14407,1338,01-APR-2011,Apartment,Freehold,Uncompleted,New Sale,HDB,15,43,439219,Central Region,Geylang
THE INTERLACE,200 Depot Road  #12-38 ,1,75,Strata,1070000,14267,1325,01-APR-2011,Condominium,99 Yrs From 11/02/2009,Uncompleted,Sub Sale,Private,04,10,109694,Central Region,Bukit Merah
N.A.,25 Niven Road ,1,106,Land,3800000,35815,3327,01-APR-2011,Terrace House,Freehold,Unknown,Resale,Private,09,22,228372,Central Region,Rochor
LANDRIDGE CONDOMINIUM,202 Pasir Panjang Road  #02-13 ,1,176,Strata,1820000,10341,961,01-APR-2011,Condominium,Freehold,1993,Resale,Private,05,11,118572,Central Region,Queenstown
THOMSON VALE,323 Thomson Road  #03-02 ,1,96,Strata,1310000,13646,1268,01-APR-2011,Apartment,Freehold,2002,Resale,Private,11,30,307666,Central Region,Novena
BALLOTA PARK CONDOMINIUM,152 Mariam Way  #06-01 ,1,94,Strata,705000,7500,697,01-APR-2011,Condominium,Freehold,2000,Resale,HDB,17,50,507080,East Region,Pasir Ris
SUNGLADE,11 Serangoon Avenue 2  #03-33 ,1,108,Strata,1135000,10509,976,01-APR-2011,Condominium,99 Yrs From 09/10/2000,2003,Resale,Private,19,55,556135,North East Region,Serangoon